{"cameraMode":{"drawMode":0,"name":"Shaded","section":"Shading Mode"},"sceneLighting":true,"audioPlay":false,"sceneViewState":{"showFog":true,"showMaterialUpdate":false,"showSkybox":true,"showFlares":true,"showImageEffects":true,"showParticleSystems":true},"in2DMode":false,"pivot":{"x":11.462956428527832,"y":6.581112861633301,"z":-55.95431900024414},"rotation":{"x":0.002945039654150605,"y":-0.7111165523529053,"z":-0.0029801824130117895,"w":-0.7030713558197022},"size":5.638546466827393,"orthographic":false}