{"cameraMode":{"drawMode":0,"name":"Shaded","section":"Shading Mode"},"sceneLighting":true,"audioPlay":false,"sceneViewState":{"showFog":true,"showMaterialUpdate":false,"showSkybox":true,"showFlares":true,"showImageEffects":true,"showParticleSystems":true},"in2DMode":false,"pivot":{"x":94.6392822265625,"y":-28.47374725341797,"z":-145.10130310058595},"rotation":{"x":-0.02636159397661686,"y":-0.9524360299110413,"z":0.08625072240829468,"w":-0.2911880314350128},"size":176.22509765625,"orthographic":false}