{"cameraMode":{"drawMode":0,"name":"Shaded","section":"Shading Mode"},"sceneLighting":true,"audioPlay":false,"sceneViewState":{"showFog":true,"showMaterialUpdate":false,"showSkybox":true,"showFlares":true,"showImageEffects":true,"showParticleSystems":true},"in2DMode":false,"pivot":{"x":18.390026092529298,"y":-1.9260098934173585,"z":-8.955617904663086},"rotation":{"x":0.048956792801618579,"y":0.7571424841880798,"z":-0.057134829461574557,"w":0.6489598155021668},"size":27.170352935791017,"orthographic":false}