{"cameraMode":{"drawMode":0,"name":"Shaded","section":"Shading Mode"},"sceneLighting":true,"audioPlay":false,"sceneViewState":{"showFog":true,"showMaterialUpdate":false,"showSkybox":true,"showFlares":true,"showImageEffects":true,"showParticleSystems":true},"in2DMode":false,"pivot":{"x":37.20208740234375,"y":-4.181271076202393,"z":15.088968276977539},"rotation":{"x":0.11451689153909683,"y":0.5985336899757385,"z":-0.08699919283390045,"w":0.7881540656089783},"size":28.98281478881836,"orthographic":false}