{"cameraMode":{"drawMode":0,"name":"Shaded","section":"Shading Mode"},"sceneLighting":true,"audioPlay":false,"sceneViewState":{"showFog":true,"showMaterialUpdate":false,"showSkybox":true,"showFlares":true,"showImageEffects":true,"showParticleSystems":true},"in2DMode":false,"pivot":{"x":9.149179458618164,"y":-8.341239929199219,"z":30.751590728759767},"rotation":{"x":0.1966865211725235,"y":-0.057327546179294589,"z":0.011494315229356289,"w":0.9787800312042236},"size":34.35300064086914,"orthographic":false}