{"cameraMode":{"drawMode":0,"name":"Shaded","section":"Shading Mode"},"sceneLighting":true,"audioPlay":false,"sceneViewState":{"showFog":true,"showMaterialUpdate":false,"showSkybox":true,"showFlares":true,"showImageEffects":true,"showParticleSystems":true},"in2DMode":false,"pivot":{"x":50.39014434814453,"y":35.94436264038086,"z":0.14983858168125153},"rotation":{"x":-0.01919177733361721,"y":-0.00899673905223608,"z":-0.00013620579557027668,"w":0.9998404383659363},"size":438.36761474609377,"orthographic":false}